Compound_CID,sequence,length,Molecular_Weight,XLogP,Charge,Polar_Area,Complexity,H-Bond_Donor_Count,H-Bond_Acceptor_Count,Rotatable_Bond_Count,Molecular_Formula,SMILES,IUPAC_Name,Exact_Mass,Monoisotopic_Mass,Heavy_Atom_Count,Covalent_Unit_Count,Name,Synonyms,InChI,InChIKey,MeSH_Headings,Annotation_Content,Linked_BioAssays,Data_Source,Data_Source_Category,Tagged_by_PubChem,Isotopic_Atom_Count,Total_Atom_Stereo_Count,Defined_Atom_Stereo_Count,Undefined_Atom_Stereo_Count,Total_Bond_Stereo_Count,Defined_Bond_Stereo_Count,Undefined_Bond_Stereo_Count,Linked_PubChem_Literature_Count,Linked_PubChem_Patent_Count,Linked_PubChem_Patent_Family_Count,Annotation_Type_Count,Create_Date,seq_length,aa_A_perc,aa_C_perc,aa_D_perc,aa_E_perc,aa_F_perc,aa_G_perc,aa_H_perc,aa_I_perc,aa_K_perc,aa_L_perc,aa_M_perc,aa_N_perc,aa_P_perc,aa_Q_perc,aa_R_perc,aa_S_perc,aa_T_perc,aa_V_perc,aa_W_perc,aa_Y_perc,seq_net_charge,seq_charge_density,seq_hydrophobic_perc,seq_aromatic_perc,seq_estimated_mw
16197471,NPVSCVRNKGICVPIRCPGSMKQIGTCVGRAVKCCRKK,38,4085.0,-14.2,0,1860.0,9500,59,62,78,C169H296N58O45S7,CC[C@H](C)[C@H]1C(=O)N[C@H]2CSSC[C@H]3C(=O)N[C@H](C(=O)NCC(=O)N[C@H](C(=O)N[C@H](C(=O)N[C@H](C(=O)N[C@H](C(=O)N[C@@H](CSSC[C@@H](C(=O)N[C@H](C(=O)N[C@H](C(=O)N[C@H](C(=O)N[C@H](C(=O)NCC(=O)N1)CCCCN)CC(=O)N)CCCNC(=N)N)C(C)C)NC(=O)[C@H](CO)NC(=O)[C@H](C(C)C)NC(=O)[C@@H]4CCCN4C(=O)[C@H](CC(=O)N)N)C(=O)N[C@@H](CSSC[C@@H](C(=O)N5CCC[C@H]5C(=O)NCC(=O)N[C@H](C(=O)N[C@H](C(=O)N[C@H](C(=O)N[C@H](C(=O)N[C@H](C(=O)NCC(=O)N[C@H](C(=O)N3)[C@@H](C)O)[C@@H](C)CC)CCC(=O)N)CCCCN)CCSC)CO)NC(=O)[C@@H](NC(=O)[C@@H](NC(=O)[C@@H]6CCCN6C(=O)[C@@H](NC2=O)C(C)C)[C@@H](C)CC)CCCNC(=N)N)C(=O)N[C@@H](CCCNC(=N)N)C(=O)N[C@@H](CCCCN)C(=O)N[C@@H](CCCCN)C(=O)O)CCCCN)C(C)C)C)CCCNC(=N)N)C(C)C,"(2S)-6-amino-2-[[(2S)-6-amino-2-[[(2S)-2-[[(1R,3aR,7S,13S,16S,19S,22S,25S,31S,34R,37S,43S,46S,49S,52S,55R,60R,63S,66S,69S,72S,78S,81R,84S,90S,93S,96S)-19,52,72-tris(4-aminobutyl)-69-(2-amino-2-oxoethyl)-22-(3-amino-3-oxopropyl)-25,78,93-tris[(2S)-butan-2-yl]-43,66,96-tris(3-carbamimidamidopropyl)-60-[[(2S)-2-[[(2S)-2-[[(2S)-1-[(2S)-2,4-diamino-4-oxobutanoyl]pyrrolidine-2-carbonyl]amino]-3-methylbutanoyl]amino]-3-hydroxypropanoyl]amino]-31-[(1R)-1-hydroxyethyl]-13-(hydroxymethyl)-46-methyl-16-(2-methylsulfanylethyl)-2,5a,8,11,14,17,20,23,26,29,32,35,38,41,44,47,50,53,61,64,67,70,73,76,79,82,85,91,94,97-triacontaoxo-37,49,63,84-tetra(propan-2-yl)-a,1a,7a,8a,57,58-hexathia-3,4a,9,12,15,18,21,24,27,30,33,36,39,42,45,48,51,54,62,65,68,71,74,77,80,83,86,92,95,98-triacontazapentacyclo[53.43.7.434,81.03,7.086,90]nonahectane-3a-carbonyl]amino]-5-carbamimidamidopentanoyl]amino]hexanoyl]amino]hexanoic acid",4083.073486,4082.070068,279,1,Tracheal antimicrobial peptide,Tracheal antimicrobial peptide|SCHEMBL29412264|NPVSCVRNKGICVPIRCPGSMKQIGTCVGRAVKCCRKK,"InChI=1S/C169H296N58O45S7/c1-20-87(14)128-155(261)194-73-122(237)217-131(91(18)230)161(267)214-110-79-276-277-80-111-150(256)222-127(86(12)13)164(270)227-66-39-51-115(227)153(259)224-130(89(16)22-3)160(266)206-100(48-36-63-190-169(185)186)140(246)215-112(163(269)226-65-37-49-113(226)151(257)192-70-120(235)197-105(74-228)144(250)203-102(54-67-273-19)141(247)200-95(41-24-29-56-171)135(241)202-101(142(248)223-128)52-53-116(176)231)81-279-278-76-107(146(252)201-98(46-34-61-188-167(181)182)136(242)199-96(42-25-30-57-172)137(243)207-103(165(271)272)44-27-32-59-174)212-147(253)108(210-139(245)97(43-26-31-58-173)204-156(262)124(83(6)7)218-132(238)90(17)195-134(240)94(45-33-60-187-166(179)180)196-119(234)71-193-154(260)123(82(4)5)219-149(110)255)77-274-275-78-109(211-145(251)106(75-229)209-158(264)126(85(10)11)221-152(258)114-50-38-64-225(114)162(268)92(175)68-117(177)232)148(254)220-125(84(8)9)157(263)205-99(47-35-62-189-168(183)184)138(244)208-104(69-118(178)233)143(249)198-93(40-23-28-55-170)133(239)191-72-121(236)216-129(88(15)21-2)159(265)213-111/h82-115,123-131,228-230H,20-81,170-175H2,1-19H3,(H2,176,231)(H2,177,232)(H2,178,233)(H,191,239)(H,192,257)(H,193,260)(H,194,261)(H,195,240)(H,196,234)(H,197,235)(H,198,249)(H,199,242)(H,200,247)(H,201,252)(H,202,241)(H,203,250)(H,204,262)(H,205,263)(H,206,266)(H,207,243)(H,208,244)(H,209,264)(H,210,245)(H,211,251)(H,212,253)(H,213,265)(H,214,267)(H,215,246)(H,216,236)(H,217,237)(H,218,238)(H,219,255)(H,220,254)(H,221,258)(H,222,256)(H,223,248)(H,224,259)(H,271,272)(H4,179,180,187)(H4,181,182,188)(H4,183,184,189)(H4,185,186,190)/t87-,88-,89-,90-,91+,92-,93-,94-,95-,96-,97-,98-,99-,100-,101-,102-,103-,104-,105-,106-,107-,108-,109-,110-,111-,112-,113-,114-,115-,123-,124-,125-,126-,127-,128-,129-,130-,131-/m0/s1",QHTGVJBNKLTDJN-ONHACJEVSA-N,,Biological Test Results|Chemical and Physical Properties|Literature|Patents,2061329,BenchChem|BOC Sciences|ChemSpider|CreativePeptides|Google Patents|NIAID ChemDB|SureChEMBL,Chemical Vendors|Curation Efforts|Governmental Organizations|Legacy Depositors|Research and Development,,0,38,38,0,0,0,0,2,151,58,4,20070706,38,2.631578947368421,15.789473684210526,0.0,0.0,0.0,10.526315789473683,0.0,7.894736842105263,13.157894736842104,0.0,2.631578947368421,5.263157894736842,7.894736842105263,2.631578947368421,10.526315789473683,5.263157894736842,2.631578947368421,13.157894736842104,0.0,0.0,9,0.23684210526315788,26.31578947368421,0.0,4757.63
71587612,AKRHHGYKRKFH,12,1563.8,-4.8,0,697.0,3000,26,22,55,C71H110N28O13,C[C@H](C(=O)N[C@H](CCCCN)C(=O)N[C@H](CCCNC(=N)N)C(=O)N[C@H](CC1=CN=CN1)C(=O)N[C@H](CC2=CN=CN2)C(=O)NCC(=O)N[C@H](CC3=CC=C(C=C3)O)C(=O)N[C@H](CCCCN)C(=O)N[C@H](CCCNC(=N)N)C(=O)N[C@H](CCCCN)C(=O)N[C@H](CC4=CC=CC=C4)C(=O)N[C@H](CC5=CN=CN5)C(=O)N)N,(2R)-6-amino-N-[(2R)-1-[[(2R)-1-[[(2R)-1-[[2-[[(2R)-1-[[(2R)-6-amino-1-[[(2R)-1-[[(2R)-6-amino-1-[[(2R)-1-[[(2R)-1-amino-3-(1H-imidazol-5-yl)-1-oxopropan-2-yl]amino]-1-oxo-3-phenylpropan-2-yl]amino]-1-oxohexan-2-yl]amino]-5-carbamimidamido-1-oxopentan-2-yl]amino]-1-oxohexan-2-yl]amino]-3-(4-hydroxyphenyl)-1-oxopropan-2-yl]amino]-2-oxoethyl]amino]-3-(1H-imidazol-5-yl)-1-oxopropan-2-yl]amino]-3-(1H-imidazol-5-yl)-1-oxopropan-2-yl]amino]-5-carbamimidamido-1-oxopentan-2-yl]-2-[[(2R)-2-aminopropanoyl]amino]hexanamide,1562.880737,1562.880737,112,1,P-113D,Pulmadex|P-113D|513P3772TA|190673-60-0|DTXSID90172563|RefChem:169272|DTXCID9095054|D-PEPTIDE OF THE SEQUENCE AKRHHGYKRKFH-NH2|UNII-513P3772TA|D-Peptide of the sequence akrhhgykrkfh - NH2|348641-28-1|orb2802021|SCHEMBL29366809|EX-A15934|CS-1181815|Q27260856,"InChI=1S/C71H110N28O13/c1-41(75)60(103)91-48(15-5-8-24-72)62(105)94-52(19-12-28-85-71(79)80)66(109)99-57(33-46-36-83-40-89-46)69(112)98-56(32-45-35-82-39-88-45)61(104)86-37-58(101)90-54(30-43-20-22-47(100)23-21-43)67(110)95-49(16-6-9-25-73)63(106)93-51(18-11-27-84-70(77)78)64(107)92-50(17-7-10-26-74)65(108)97-55(29-42-13-3-2-4-14-42)68(111)96-53(59(76)102)31-44-34-81-38-87-44/h2-4,13-14,20-23,34-36,38-41,48-57,100H,5-12,15-19,24-33,37,72-75H2,1H3,(H2,76,102)(H,81,87)(H,82,88)(H,83,89)(H,86,104)(H,90,101)(H,91,103)(H,92,107)(H,93,106)(H,94,105)(H,95,110)(H,96,111)(H,97,108)(H,98,112)(H,99,109)(H4,77,78,84)(H4,79,80,85)/t41-,48-,49-,50-,51-,52-,53-,54-,55-,56-,57-/m1/s1",UIBPZXXSPHGPDS-UXLZJAPBSA-N,P-113D,Classification|Drug and Medication Information|Literature|Patents|Pharmacology and Biochemistry,,"AbaChemScene|Biorbyt|ChemIDplus|Egon Willighagen, Department of Bioinformatics - BiGCaT, Maastricht University|EPA DSSTox|Excenen Pharmatech|FDA Global Substance Registration System (GSRS)|MolGenie|PubChem Reference Collection|Starshine Chemical|SureChEMBL|TargetMol|ToxPlanet|Wikidata",Chemical Vendors|Curation Efforts|Governmental Organizations|Legacy Depositors|Research and Development|Subscription Services,D000890 - Anti-Infective Agents > D023181 - Antimicrobial Cationic Peptides,0,11,11,0,0,0,0,4,1,1,5,20130708,12,8.333333333333332,0.0,0.0,0.0,8.333333333333332,8.333333333333332,25.0,0.0,25.0,0.0,0.0,0.0,0.0,0.0,16.666666666666664,0.0,0.0,0.0,0.0,8.333333333333332,8,0.6666666666666666,16.666666666666664,16.666666666666664,1762.9900000000002
76079511,XV,2,316.31,-4.7,0,177.0,480,5,7,8,C12H20N4O6,CC(C)C(C(=O)O)NC(=O)C(CNC(=O)C1C(O1)C(=O)N)N,2-[[2-amino-3-[(3-carbamoyloxirane-2-carbonyl)amino]propanoyl]amino]-3-methylbutanoic acid,316.138275,316.138275,22,1,2-[[2-Amino-3-[(3-carbamoyloxirane-2-carbonyl)amino]propanoyl]amino]-3-methyl-butanoic acid,"2-Amino-3-(oxirane-2,3-dicarboxamido)-propanoyl-valine|2-[[2-amino-3-[(3-carbamoyloxirane-2-carbonyl)amino]propanoyl]amino]-3-methyl-butanoic acid","InChI=1S/C12H20N4O6/c1-4(2)6(12(20)21)16-10(18)5(13)3-15-11(19)8-7(22-8)9(14)17/h4-8H,3,13H2,1-2H3,(H2,14,17)(H,15,19)(H,16,18)(H,20,21)",HCGFOSJNUODEOH-UHFFFAOYSA-N,,Biological Test Results|Chemical and Physical Properties|Literature|Patents,2061329,Alfa Chemistry|Cheminformatics Friedrich-Schiller-University Jena|Google Patents|NIAID ChemDB,Chemical Vendors|Curation Efforts|Governmental Organizations|Research and Development,D000890 - Anti-Infective Agents > D023181 - Antimicrobial Cationic Peptides,0,4,0,4,0,0,0,2,6,2,4,20140722,2,0.0,0.0,0.0,0.0,0.0,0.0,0.0,0.0,0.0,0.0,0.0,0.0,0.0,0.0,0.0,0.0,0.0,50.0,0.0,0.0,0,0.0,50.0,0.0,227.15
11804597,XLXIVVKVLKYLV,13,1584.1,7.1,0,517.0,2980,19,19,54,C80H142N16O16,CC[C@H](C)[C@@H](C(=O)N[C@@H](C(C)C)C(=O)N[C@@H](C(C)C)C(=O)NC(CCCCN)C(=O)N[C@@H](C(C)C)C(=O)NC(CC(C)C)C(=O)NC(CCCCN)C(=O)N[C@H](CC1=CC=C(C=C1)O)C(=O)NC(CC(C)C)C(=O)N[C@H](CO)C(C)C)NC(=O)[C@@H](CCCN)NC(=O)C(CC(C)C)NC(=O)/C(=C\C)/NC(=O)[C@H]([C@@H](C)CC)O,"6-amino-2-[[2-[[(2S)-2-[[6-amino-2-[[(2S)-2-[[(2S)-2-[[(2S,3S)-2-[[(2R)-5-amino-2-[[2-[[(E)-2-[[(2S,3S)-2-hydroxy-3-methylpentanoyl]amino]but-2-enoyl]amino]-4-methylpentanoyl]amino]pentanoyl]amino]-3-methylpentanoyl]amino]-3-methylbutanoyl]amino]-3-methylbutanoyl]amino]hexanoyl]amino]-3-methylbutanoyl]amino]-4-methylpentanoyl]amino]-N-[(2R)-1-[[1-[[(2S)-1-hydroxy-3-methylbutan-2-yl]amino]-4-methyl-1-oxopentan-2-yl]amino]-3-(4-hydroxyphenyl)-1-oxopropan-2-yl]hexanamide",1583.078979,1583.078979,112,1,Bogorol A,"Bogorol A|RefChem:917443|(2S)-6-amino-2-(((2R)-2-(((2S)-2-(((2R)-6-amino-2-(((2S)-2-(((2S)-2-(((2S,3S)-2-(((2R)-5-amino-2-(((2S)-2-(2-(((2S,3S)-2-hydroxy-3-methylpentanoyl)amino)but-2-enoylamino)-4-methylpentanoyl)amino)pentanoyl)amino)-3-methylpentanoyl)amino)-3-methylbutanoyl)amino)-3-methylbutanoyl)amino)hexanoyl)amino)-3-methylbutanoyl)amino)-4-methylpentanoyl)amino)-N-((2R)-1-(((2S)-1-(((2S)-1-hydroxy-3-methylbutan-2-yl)amino)-4-methyl-1-oxopentan-2-yl)amino)-3-(4-hydroxyphenyl)-1-oxopropan-2-yl)hexanamide|6-amino-2-(((2S)-2-(((2S)-2-((6-amino-2-(((2S)-2-(((2S)-2-(((2S,3S)-2-(((2R)-5-amino-2-((2-(((E)-2-(((2S,3S)-2-hydroxy-3-methylpentanoyl)amino)but-2-enoyl)amino)-4-methylpentanoyl)amino)pentanoyl)amino)-3-methylpentanoyl)amino)-3-methylbutanoyl)amino)-3-methylbutanoyl)amino)hexanoyl)amino)-3-methylbutanoyl)amino)-4-methylpentanoyl)amino)-N-((2R)-1-((1-(((2S)-1-hydroxy-3-methylbutan-2-yl)amino)-4-methyl-1-oxopentan-2-yl)amino)-3-(4-hydroxyphenyl)-1-oxopropan-2-yl)hexanamide|CHEBI:206795","InChI=1S/C80H142N16O16/c1-20-50(18)66(96-71(103)57(30-27-37-83)86-72(104)58(38-43(4)5)88-68(100)54(22-3)84-80(112)67(99)51(19)21-2)79(111)95-65(49(16)17)78(110)94-64(48(14)15)76(108)87-56(29-24-26-36-82)70(102)93-63(47(12)13)77(109)91-60(40-45(8)9)73(105)85-55(28-23-25-35-81)69(101)90-61(41-52-31-33-53(98)34-32-52)75(107)89-59(39-44(6)7)74(106)92-62(42-97)46(10)11/h22,31-34,43-51,55-67,97-99H,20-21,23-30,35-42,81-83H2,1-19H3,(H,84,112)(H,85,105)(H,86,104)(H,87,108)(H,88,100)(H,89,107)(H,90,101)(H,91,109)(H,92,106)(H,93,102)(H,94,110)(H,95,111)(H,96,103)/b54-22+/t50-,51-,55?,56?,57+,58?,59?,60?,61+,62+,63-,64-,65-,66-,67-/m0/s1",OUGJGNKKLVPBBE-XOWHIZSUSA-N,bogorol A,Classification|Literature,,ChEBI|Cheminformatics Friedrich-Schiller-University Jena|ChemSpider|DiscoveryGate|Japan Chemical Substance Dictionary (Nikkaji)|MolGenie|NextBio|PubChem Reference Collection|The Natural Products Atlas|Thomson Pharma|Wikidata,Curation Efforts|Governmental Organizations|Journal Publishers|Legacy Depositors|Research and Development|Subscription Services,D000890 - Anti-Infective Agents > D023181 - Antimicrobial Cationic Peptides,0,15,10,5,1,1,0,3,0,0,2,20061027,13,0.0,0.0,0.0,0.0,0.0,0.0,0.0,7.6923076923076925,15.384615384615385,23.076923076923077,0.0,0.0,0.0,0.0,0.0,0.0,0.0,30.76923076923077,0.0,7.6923076923076925,2,0.15384615384615385,61.53846153846154,7.6923076923076925,1686.8500000000001
176489284,DTHFPICIFCCGCCHRSKCGMCCKT,25,2789.4,-10.9,0,1250.0,5940,36,46,49,C113H170N34O31S9,CC[C@H](C)[C@H]1C(=O)N[C@H](C(=O)N[C@H]2CSSC[C@@H](C(=O)N[C@@H](CSSC[C@@H](C(=O)N1)NC(=O)[C@H]([C@@H](C)CC)NC(=O)[C@@H]3CCCN3C(=O)[C@H](CC4=CC=CC=C4)NC(=O)[C@H](CC5=CN=CN5)NC(=O)[C@H]([C@@H](C)O)NC(=O)[C@H](CC(=O)O)N)C(=O)N[C@@H](CCCCN)C(=O)N[C@@H]([C@@H](C)O)C(=O)O)NC(=O)[C@@H](NC(=O)CNC(=O)[C@@H]6CSSC[C@@H](C(=O)NCC(=O)N[C@H]7CSSC[C@@H](C(=O)N[C@H](C(=O)N[C@H](C(=O)N[C@H](C(=O)N[C@H](C(=O)N6)CCCCN)CO)CCCNC(=N)N)CC8=CN=CN8)NC7=O)NC2=O)CCSC)CC9=CC=CC=C9,"(3S)-3-amino-4-[[(2S,3R)-1-[[(2S)-1-[[(2S)-1-[(2S)-2-[[(2S,3S)-1-[[(1R,4R,7S,10S,13R,18R,21R,24S,30R,33S,36S,39S,42S,45R,50R)-33-(4-aminobutyl)-18-[[(2S)-6-amino-1-[[(1S,2R)-1-carboxy-2-hydroxypropyl]amino]-1-oxohexan-2-yl]carbamoyl]-7-benzyl-10-[(2S)-butan-2-yl]-39-(3-carbamimidamidopropyl)-36-(hydroxymethyl)-42-(1H-imidazol-5-ylmethyl)-24-(2-methylsulfanylethyl)-3,6,9,12,20,23,26,29,32,35,38,41,44,52,55,60-hexadecaoxo-15,16,47,48,57,58,63,64-octathia-2,5,8,11,19,22,25,28,31,34,37,40,43,51,54,61-hexadecazatetracyclo[28.25.4.44,21.245,50]pentahexacontan-13-yl]amino]-3-methyl-1-oxopentan-2-yl]carbamoyl]pyrrolidin-1-yl]-1-oxo-3-phenylpropan-2-yl]amino]-3-(1H-imidazol-5-yl)-1-oxopropan-2-yl]amino]-3-hydroxy-1-oxobutan-2-yl]amino]-4-oxobutanoic acid",2788.029053,2787.025879,187,1,Hepcidin/LEAP-1 (Human); Liver-Expressed Antimicrobial Peptide,Hepcidin/LEAP-1 (Human); Liver-Expressed Antimicrobial Peptide,"InChI=1S/C113H170N34O31S9/c1-8-56(3)86-108(173)132-69(36-60-22-12-10-13-23-60)97(162)139-80-52-186-185-51-79(138-95(160)68(30-35-179-7)126-83(151)43-122-91(156)74-46-180-181-47-75(137-104(80)169)92(157)123-44-84(152)127-76-48-182-183-50-78(140-101(76)166)103(168)131-70(38-62-41-119-54-124-62)98(163)128-67(28-20-33-121-113(117)118)93(158)135-73(45-148)100(165)129-65(94(159)136-74)26-16-18-31-114)105(170)141-77(102(167)130-66(27-17-19-32-115)96(161)146-89(59(6)150)112(177)178)49-184-187-53-81(106(171)143-86)142-109(174)87(57(4)9-2)144-107(172)82-29-21-34-147(82)111(176)72(37-61-24-14-11-15-25-61)134-99(164)71(39-63-42-120-55-125-63)133-110(175)88(58(5)149)145-90(155)64(116)40-85(153)154/h10-15,22-25,41-42,54-59,64-82,86-89,148-150H,8-9,16-21,26-40,43-53,114-116H2,1-7H3,(H,119,124)(H,120,125)(H,122,156)(H,123,157)(H,126,151)(H,127,152)(H,128,163)(H,129,165)(H,130,167)(H,131,168)(H,132,173)(H,133,175)(H,134,164)(H,135,158)(H,136,159)(H,137,169)(H,138,160)(H,139,162)(H,140,166)(H,141,170)(H,142,174)(H,143,171)(H,144,172)(H,145,155)(H,146,161)(H,153,154)(H,177,178)(H4,117,118,121)/t56-,57-,58+,59+,64-,65-,66-,67-,68-,69-,70-,71-,72-,73-,74-,75-,76-,77-,78-,79-,80-,81-,82-,86-,87-,88-,89-/m0/s1",BXXZVXHRVOHCGK-RXHOOSIZSA-N,,,,CATO Research Chemicals Inc.,Chemical Vendors|Research and Development,,0,27,27,0,0,0,0,0,0,0,0,20250812,25,0.0,32.0,4.0,0.0,8.0,8.0,8.0,8.0,8.0,0.0,4.0,0.0,4.0,0.0,4.0,4.0,8.0,0.0,0.0,0.0,4,0.16,20.0,8.0,3229.81
16131654,FALALKALKKALKKLKKALKKAL,23,2537.3,0.1,0,938.0,5080,33,34,97,C123H226N32O24,C[C@@H](C(=O)N[C@@H](CC(C)C)C(=O)N[C@@H](CCCCN)C(=O)N[C@@H](CCCCN)C(=O)N[C@@H](CC(C)C)C(=O)N[C@@H](CCCCN)C(=O)N[C@@H](CCCCN)C(=O)N[C@@H](C)C(=O)N[C@@H](CC(C)C)C(=O)N[C@@H](CCCCN)C(=O)N[C@@H](CCCCN)C(=O)N[C@@H](C)C(=O)N[C@@H](CC(C)C)C(=O)O)NC(=O)[C@H](CCCCN)NC(=O)[C@H](CCCCN)NC(=O)[C@H](CC(C)C)NC(=O)[C@H](C)NC(=O)[C@H](CCCCN)NC(=O)[C@H](CC(C)C)NC(=O)[C@H](C)NC(=O)[C@H](CC(C)C)NC(=O)[C@H](C)NC(=O)[C@H](CC1=CC=CC=C1)N,(2S)-2-[[(2S)-2-[[(2S)-6-amino-2-[[(2S)-6-amino-2-[[(2S)-2-[[(2S)-2-[[(2S)-6-amino-2-[[(2S)-6-amino-2-[[(2S)-2-[[(2S)-6-amino-2-[[(2S)-6-amino-2-[[(2S)-2-[[(2S)-2-[[(2S)-6-amino-2-[[(2S)-6-amino-2-[[(2S)-2-[[(2S)-2-[[(2S)-6-amino-2-[[(2S)-2-[[(2S)-2-[[(2S)-2-[[(2S)-2-[[(2S)-2-amino-3-phenylpropanoyl]amino]propanoyl]amino]-4-methylpentanoyl]amino]propanoyl]amino]-4-methylpentanoyl]amino]hexanoyl]amino]propanoyl]amino]-4-methylpentanoyl]amino]hexanoyl]amino]hexanoyl]amino]propanoyl]amino]-4-methylpentanoyl]amino]hexanoyl]amino]hexanoyl]amino]-4-methylpentanoyl]amino]hexanoyl]amino]hexanoyl]amino]propanoyl]amino]-4-methylpentanoyl]amino]hexanoyl]amino]hexanoyl]amino]propanoyl]amino]-4-methylpentanoic acid,2536.748047,2535.744873,179,1,Falalkalkkalkklkkalkkal,FALALKALKKALKKLKKALKKAL|133084-63-6|H-PHE-ALA-LEU-ALA-LEU-LYS-ALA-LEU-LYS-LYS-ALA-LEU-LYS-LYS-LEU-LYS-LYS-ALA-LEU-LYS-LYS-ALA-LEU-OH|hecate 1|Hecate-1|SCHEMBL30161997,"InChI=1S/C123H226N32O24/c1-70(2)62-94(149-101(156)77(15)134-107(162)84(133)69-83-42-22-21-23-43-83)117(172)139-81(19)105(160)153-95(63-71(3)4)118(173)144-88(47-27-36-56-127)111(166)137-80(18)104(159)152-97(65-73(7)8)120(175)145-89(48-28-37-57-128)112(167)140-85(44-24-33-53-124)108(163)135-79(17)103(158)151-98(66-74(9)10)121(176)147-92(51-31-40-60-131)115(170)143-93(52-32-41-61-132)116(171)154-99(67-75(11)12)122(177)148-91(50-30-39-59-130)114(169)141-86(45-25-34-54-125)109(164)136-78(16)102(157)150-96(64-72(5)6)119(174)146-90(49-29-38-58-129)113(168)142-87(46-26-35-55-126)110(165)138-82(20)106(161)155-100(123(178)179)68-76(13)14/h21-23,42-43,70-82,84-100H,24-41,44-69,124-133H2,1-20H3,(H,134,162)(H,135,163)(H,136,164)(H,137,166)(H,138,165)(H,139,172)(H,140,167)(H,141,169)(H,142,168)(H,143,170)(H,144,173)(H,145,175)(H,146,174)(H,147,176)(H,148,177)(H,149,156)(H,150,157)(H,151,158)(H,152,159)(H,153,160)(H,154,171)(H,155,161)(H,178,179)/t77-,78-,79-,80-,81-,82-,84-,85-,86-,87-,88-,89-,90-,91-,92-,93-,94-,95-,96-,97-,98-,99-,100-/m0/s1",RQZCOBCYUHYXFG-ZLONUZLYSA-N,,Biological Test Results|Chemical and Physical Properties|Literature|Patents,2061329,"BenchChem|Chemieliva Pharmaceutical Co., Ltd|ChemSpider|DiscoveryGate|EvitaChem|Google Patents|MuseChem|NIAID ChemDB|Smolecule|SureChEMBL|THE BioTek|Thomson Pharma",Chemical Vendors|Curation Efforts|Governmental Organizations|Journal Publishers|Legacy Depositors|Research and Development|Subscription Services,D000890 - Anti-Infective Agents > D023181 - Antimicrobial Cationic Peptides|D009676 - Noxae > D011042 - Poisons > D014688 - Venoms,0,23,23,0,0,0,0,12,52,19,4,20070703,23,26.08695652173913,0.0,0.0,0.0,4.3478260869565215,0.0,0.0,0.0,39.130434782608695,30.434782608695656,0.0,0.0,0.0,0.0,0.0,0.0,0.0,0.0,0.0,0.0,9,0.391304347826087,60.86956521739131,4.3478260869565215,2933.6300000000006
16132169,GIGKFLHSAGKFGKAFVGEIMKS,23,2409.8,-6.3,0,939.0,5000,32,35,84,C112H177N29O28S,CC[C@H](C)[C@@H](C(=O)NCC(=O)N[C@@H](CCCCN)C(=O)N[C@@H](CC1=CC=CC=C1)C(=O)N[C@@H](CC(C)C)C(=O)N[C@@H](CC2=CN=CN2)C(=O)N[C@@H](CO)C(=O)N[C@@H](C)C(=O)NCC(=O)N[C@@H](CCCCN)C(=O)N[C@@H](CC3=CC=CC=C3)C(=O)NCC(=O)N[C@@H](CCCCN)C(=O)N[C@@H](C)C(=O)N[C@@H](CC4=CC=CC=C4)C(=O)N[C@@H](C(C)C)C(=O)NCC(=O)N[C@@H](CCC(=O)O)C(=O)N[C@@H]([C@@H](C)CC)C(=O)N[C@@H](CCSC)C(=O)N[C@@H](CCCCN)C(=O)N[C@@H](CO)C(=O)O)NC(=O)CN,"(4S)-4-[[2-[[(2S)-2-[[(2S)-2-[[(2S)-2-[[(2S)-6-amino-2-[[2-[[(2S)-2-[[(2S)-6-amino-2-[[2-[[(2S)-2-[[(2S)-2-[[(2S)-2-[[(2S)-2-[[(2S)-2-[[(2S)-6-amino-2-[[2-[[(2S,3S)-2-[(2-aminoacetyl)amino]-3-methylpentanoyl]amino]acetyl]amino]hexanoyl]amino]-3-phenylpropanoyl]amino]-4-methylpentanoyl]amino]-3-(1H-imidazol-5-yl)propanoyl]amino]-3-hydroxypropanoyl]amino]propanoyl]amino]acetyl]amino]hexanoyl]amino]-3-phenylpropanoyl]amino]acetyl]amino]hexanoyl]amino]propanoyl]amino]-3-phenylpropanoyl]amino]-3-methylbutanoyl]amino]acetyl]amino]-5-[[(2S,3S)-1-[[(2S)-1-[[(2S)-6-amino-1-[[(1S)-1-carboxy-2-hydroxyethyl]amino]-1-oxohexan-2-yl]amino]-4-methylsulfanyl-1-oxobutan-2-yl]amino]-3-methyl-1-oxopentan-2-yl]amino]-5-oxopentanoic acid",2409.307129,2408.303955,170,1,Magainin I,"Magainin I|RefChem:155137|Magainin 1|108433-99-4|magainin 1 peptide, Xenopus|Magainin 1, Xenopus|orb1679560|FM73476|DA-55171|magainin 1 peptide, Xenopus, Meganin 1, CHEMBL409372, LS-186859, LS-187515, J-002140, 108433-99-4","InChI=1S/C112H177N29O28S/c1-12-65(7)93(139-86(144)54-117)110(166)122-59-89(147)128-75(39-25-29-46-115)100(156)135-81(51-70-33-19-15-20-34-70)105(161)133-79(49-63(3)4)104(160)136-83(53-72-55-118-62-123-72)106(162)137-84(60-142)108(164)124-67(9)95(151)119-56-87(145)127-74(38-24-28-45-114)99(155)134-80(50-69-31-17-14-18-32-69)97(153)120-57-88(146)126-73(37-23-27-44-113)98(154)125-68(10)96(152)132-82(52-71-35-21-16-22-36-71)107(163)140-92(64(5)6)109(165)121-58-90(148)129-77(41-42-91(149)150)103(159)141-94(66(8)13-2)111(167)131-78(43-48-170-11)102(158)130-76(40-26-30-47-116)101(157)138-85(61-143)112(168)169/h14-22,31-36,55,62-68,73-85,92-94,142-143H,12-13,23-30,37-54,56-61,113-117H2,1-11H3,(H,118,123)(H,119,151)(H,120,153)(H,121,165)(H,122,166)(H,124,164)(H,125,154)(H,126,146)(H,127,145)(H,128,147)(H,129,148)(H,130,158)(H,131,167)(H,132,152)(H,133,161)(H,134,155)(H,135,156)(H,136,160)(H,137,162)(H,138,157)(H,139,144)(H,140,163)(H,141,159)(H,149,150)(H,168,169)/t65-,66-,67-,68-,73-,74-,75-,76-,77-,78-,79-,80-,81-,82-,83-,84-,85-,92-,93-,94-/m0/s1",OFIZOVDANLLTQD-ZVNXOKPXSA-N,magainin I,Biological Test Results|Classification|Literature|Patents|Taxonomy,228762|372410|372411|372412|372413,"Alfa Chemistry|Amadis Chemical|BenchChem|Biorbyt|Biosynth|BOC Sciences|CATO Research Chemicals Inc.|ChEMBL|ChemIDplus|CreativePeptides|CymitQuimica|Debye Scientific Co., Ltd|DiscoveryGate|eMolecules|eNovation Chemicals|EvitaChem|Google Patents|InvivoChem|J&H Chemical Co.,ltd|LabNetwork, a WuXi AppTec Company|LeadScope|Mcule|MolGenie|Molport|PubChem Reference Collection|Santa Cruz Biotechnology, Inc.|SB-PEPTIDE|Shanghai Hanhong Scientific|Smolecule|Starshine Chemical|TargetMol|THE BioTek|Thomson Pharma",Chemical Vendors|Curation Efforts|Governmental Organizations|Journal Publishers|Legacy Depositors|Research and Development|Subscription Services,D000890 - Anti-Infective Agents > D000977 - Antiparasitic Agents > D000981 - Antiprotozoal Agents|D000890 - Anti-Infective Agents > D023181 - Antimicrobial Cationic Peptides,0,20,20,0,0,0,0,66,889,291,5,20070703,23,8.695652173913043,0.0,0.0,4.3478260869565215,13.043478260869565,21.73913043478261,4.3478260869565215,8.695652173913043,17.391304347826086,4.3478260869565215,4.3478260869565215,0.0,0.0,0.0,0.0,8.695652173913043,0.0,4.3478260869565215,0.0,0.0,4,0.17391304347826086,43.47826086956522,13.043478260869565,2806.2000000000003
100945419,KKLLKKLKKLLKKL,14,1721.4,1.4,0,656.0,3040,23,23,71,C84H165N23O14,CC(C)C[C@@H](C(=O)N)NC(=O)[C@H](CCCCN)NC(=O)[C@H](CCCCN)NC(=O)[C@H](CC(C)C)NC(=O)[C@H](CC(C)C)NC(=O)[C@H](CCCCN)NC(=O)[C@H](CCCCN)NC(=O)[C@H](CC(C)C)NC(=O)[C@H](CCCCN)NC(=O)[C@H](CCCCN)NC(=O)[C@H](CC(C)C)NC(=O)[C@H](CC(C)C)NC(=O)[C@H](CCCCN)NC(=O)[C@H](CCCCN)N,"(2S)-2,6-diamino-N-[(2S)-6-amino-1-[[(2S)-1-[[(2S)-1-[[(2S)-6-amino-1-[[(2S)-6-amino-1-[[(2S)-1-[[(2S)-6-amino-1-[[(2S)-6-amino-1-[[(2S)-1-[[(2S)-1-[[(2S)-6-amino-1-[[(2S)-6-amino-1-[[(2S)-1-amino-4-methyl-1-oxopentan-2-yl]amino]-1-oxohexan-2-yl]amino]-1-oxohexan-2-yl]amino]-4-methyl-1-oxopentan-2-yl]amino]-4-methyl-1-oxopentan-2-yl]amino]-1-oxohexan-2-yl]amino]-1-oxohexan-2-yl]amino]-4-methyl-1-oxopentan-2-yl]amino]-1-oxohexan-2-yl]amino]-1-oxohexan-2-yl]amino]-4-methyl-1-oxopentan-2-yl]amino]-4-methyl-1-oxopentan-2-yl]amino]-1-oxohexan-2-yl]hexanamide",1720.290649,1720.290649,121,1,H-Lys-Lys-Leu-Leu-Lys-Lys-Leu-Lys-Lys-Leu-Leu-Lys-Lys-Leu-NH2,,"InChI=1S/C84H165N23O14/c1-51(2)45-65(71(94)108)102-76(113)62(34-18-26-42-90)96-73(110)59(31-15-23-39-87)100-81(118)68(48-54(7)8)107-84(121)70(50-56(11)12)105-79(116)64(36-20-28-44-92)98-74(111)60(32-16-24-40-88)99-80(117)66(46-52(3)4)103-78(115)63(35-19-27-43-91)97-75(112)61(33-17-25-41-89)101-82(119)67(47-53(5)6)106-83(120)69(49-55(9)10)104-77(114)58(30-14-22-38-86)95-72(109)57(93)29-13-21-37-85/h51-70H,13-50,85-93H2,1-12H3,(H2,94,108)(H,95,109)(H,96,110)(H,97,112)(H,98,111)(H,99,117)(H,100,118)(H,101,119)(H,102,113)(H,103,115)(H,104,114)(H,105,116)(H,106,120)(H,107,121)/t57-,58-,59-,60-,61-,62-,63-,64-,65-,66-,67-,68-,69-,70-/m0/s1",FKEDMCYXPWKLFN-ZNTUHGOWSA-N,,,,Japan Chemical Substance Dictionary (Nikkaji),Governmental Organizations,D000890 - Anti-Infective Agents > D023181 - Antimicrobial Cationic Peptides,0,14,14,0,0,0,0,0,0,0,0,20151215,14,0.0,0.0,0.0,0.0,0.0,0.0,0.0,0.0,57.14285714285714,42.857142857142854,0.0,0.0,0.0,0.0,0.0,0.0,0.0,0.0,0.0,0.0,8,0.5714285714285714,42.857142857142854,0.0,1956.5400000000002
16132394,DXHEKRHHGYRRKFHEKHHSHREFPFYGDYGSNYLYDN,38,4928.0,-24.9,0,2180.0,12200,77,79,162,C217H298N69O64P,CC(C)C[C@@H](C(=O)N[C@@H](CC1=CC=C(C=C1)O)C(=O)N[C@@H](CC(=O)O)C(=O)N[C@@H](CC(=O)N)C(=O)O)NC(=O)[C@H](CC2=CC=C(C=C2)O)NC(=O)[C@H](CC(=O)N)NC(=O)[C@H](CO)NC(=O)CNC(=O)[C@H](CC3=CC=C(C=C3)O)NC(=O)[C@H](CC(=O)O)NC(=O)CNC(=O)[C@H](CC4=CC=C(C=C4)O)NC(=O)[C@H](CC5=CC=CC=C5)NC(=O)[C@@H]6CCCN6C(=O)[C@H](CC7=CC=CC=C7)NC(=O)[C@H](CCC(=O)O)NC(=O)[C@H](CCCNC(=N)N)NC(=O)[C@H](CC8=CN=CN8)NC(=O)[C@H](CO)NC(=O)[C@H](CC9=CN=CN9)NC(=O)[C@H](CC1=CN=CN1)NC(=O)[C@H](CCCCN)NC(=O)[C@H](CCC(=O)O)NC(=O)[C@H](CC1=CN=CN1)NC(=O)[C@H](CC1=CC=CC=C1)NC(=O)[C@H](CCCCN)NC(=O)[C@H](CCCNC(=N)N)NC(=O)[C@H](CCCNC(=N)N)NC(=O)[C@H](CC1=CC=C(C=C1)O)NC(=O)CNC(=O)[C@H](CC1=CN=CN1)NC(=O)[C@H](CC1=CN=CN1)NC(=O)[C@H](CCCNC(=N)N)NC(=O)[C@H](CCCCN)NC(=O)[C@H](CCC(=O)O)NC(=O)[C@H](CC1=CN=CN1)NC(=O)[C@H](COP(=O)(O)O)NC(=O)[C@H](CC(=O)O)N,"(4S)-4-[[(2S)-2-[[(2S)-2-[[(2S)-2-[[(2S)-2-[[(2S)-2-[[(2S)-6-amino-2-[[(2S)-2-[[(2S)-2-[[(2S)-2-[[(2S)-6-amino-2-[[(2S)-2-[[(2S)-2-[[(2S)-2-[[2-[[(2S)-2-[[(2S)-2-[[(2S)-2-[[(2S)-6-amino-2-[[(2S)-2-[[(2S)-2-[[(2S)-2-[[(2S)-2-amino-3-carboxypropanoyl]amino]-3-phosphonooxypropanoyl]amino]-3-(1H-imidazol-5-yl)propanoyl]amino]-4-carboxybutanoyl]amino]hexanoyl]amino]-5-carbamimidamidopentanoyl]amino]-3-(1H-imidazol-5-yl)propanoyl]amino]-3-(1H-imidazol-5-yl)propanoyl]amino]acetyl]amino]-3-(4-hydroxyphenyl)propanoyl]amino]-5-carbamimidamidopentanoyl]amino]-5-carbamimidamidopentanoyl]amino]hexanoyl]amino]-3-phenylpropanoyl]amino]-3-(1H-imidazol-5-yl)propanoyl]amino]-4-carboxybutanoyl]amino]hexanoyl]amino]-3-(1H-imidazol-5-yl)propanoyl]amino]-3-(1H-imidazol-5-yl)propanoyl]amino]-3-hydroxypropanoyl]amino]-3-(1H-imidazol-5-yl)propanoyl]amino]-5-carbamimidamidopentanoyl]amino]-5-[[(2S)-1-[(2S)-2-[[(2S)-1-[[(2S)-1-[[2-[[(2S)-1-[[(2S)-1-[[2-[[(2S)-1-[[(2S)-4-amino-1-[[(2S)-1-[[(2S)-1-[[(2S)-1-[[(2S)-1-[[(1S)-3-amino-1-carboxy-3-oxopropyl]amino]-3-carboxy-1-oxopropan-2-yl]amino]-3-(4-hydroxyphenyl)-1-oxopropan-2-yl]amino]-4-methyl-1-oxopentan-2-yl]amino]-3-(4-hydroxyphenyl)-1-oxopropan-2-yl]amino]-1,4-dioxobutan-2-yl]amino]-3-hydroxy-1-oxopropan-2-yl]amino]-2-oxoethyl]amino]-3-(4-hydroxyphenyl)-1-oxopropan-2-yl]amino]-3-carboxy-1-oxopropan-2-yl]amino]-2-oxoethyl]amino]-3-(4-hydroxyphenyl)-1-oxopropan-2-yl]amino]-1-oxo-3-phenylpropan-2-yl]carbamoyl]pyrrolidin-1-yl]-1-oxo-3-phenylpropan-2-yl]amino]-5-oxopentanoic acid",4927.19873,4925.192383,351,1,"HTN1 protein, human","HTN1 protein, human|Histatin 1, human|101056-53-5|VYD7JF3NBC|DTXSID60143705|RefChem:146875|DTXCID7066196|Histatin 1|UNII-VYD7JF3NBC|Histatin-2, human|Histatin I (human parotid saliva)|SCHEMBL29449891|SCHEMBL29449892|SCHEMBL29449896","InChI=1S/C217H298N69O64P/c1-112(2)71-144(193(325)270-150(78-120-45-55-132(293)56-46-120)197(329)280-161(91-178(309)310)207(339)283-163(213(345)346)89-169(223)295)266-195(327)149(77-119-43-53-131(292)54-44-119)271-205(337)159(88-168(222)294)279-208(340)164(102-287)255-172(298)101-244-181(313)146(75-117-39-49-129(290)50-40-117)268-206(338)160(90-177(307)308)254-171(297)100-243-180(312)145(74-116-37-47-128(289)48-38-116)267-198(330)151(73-114-25-8-4-9-26-114)281-211(343)167-36-22-70-286(167)212(344)162(79-115-27-10-5-11-28-115)282-192(324)143(59-62-175(303)304)263-186(318)139(34-20-68-241-216(228)229)262-199(331)154(82-123-94-234-107-248-123)277-209(341)165(103-288)284-204(336)158(86-127-98-238-111-252-127)276-203(335)157(85-126-97-237-110-251-126)273-188(320)136(31-14-17-65-220)258-191(323)142(58-61-174(301)302)264-200(332)153(81-122-93-233-106-247-122)275-196(328)148(72-113-23-6-3-7-24-113)269-187(319)135(30-13-16-64-219)256-184(316)137(32-18-66-239-214(224)225)259-185(317)138(33-19-67-240-215(226)227)261-194(326)147(76-118-41-51-130(291)52-42-118)253-170(296)99-245-182(314)152(80-121-92-232-105-246-121)272-202(334)156(84-125-96-236-109-250-125)274-189(321)140(35-21-69-242-217(230)231)260-183(315)134(29-12-15-63-218)257-190(322)141(57-60-173(299)300)265-201(333)155(83-124-95-235-108-249-124)278-210(342)166(104-350-351(347,348)349)285-179(311)133(221)87-176(305)306/h3-11,23-28,37-56,92-98,105-112,133-167,287-293H,12-22,29-36,57-91,99-104,218-221H2,1-2H3,(H2,222,294)(H2,223,295)(H,232,246)(H,233,247)(H,234,248)(H,235,249)(H,236,250)(H,237,251)(H,238,252)(H,243,312)(H,244,313)(H,245,314)(H,253,296)(H,254,297)(H,255,298)(H,256,316)(H,257,322)(H,258,323)(H,259,317)(H,260,315)(H,261,326)(H,262,331)(H,263,318)(H,264,332)(H,265,333)(H,266,327)(H,267,330)(H,268,338)(H,269,319)(H,270,325)(H,271,337)(H,272,334)(H,273,320)(H,274,321)(H,275,328)(H,276,335)(H,277,341)(H,278,342)(H,279,340)(H,280,329)(H,281,343)(H,282,324)(H,283,339)(H,284,336)(H,285,311)(H,299,300)(H,301,302)(H,303,304)(H,305,306)(H,307,308)(H,309,310)(H,345,346)(H4,224,225,239)(H4,226,227,240)(H4,228,229,241)(H4,230,231,242)(H2,347,348,349)/t133-,134-,135-,136-,137-,138-,139-,140-,141-,142-,143-,144-,145-,146-,147-,148-,149-,150-,151-,152-,153-,154-,155-,156-,157-,158-,159-,160-,161-,162-,163-,164-,165-,166-,167-/m0/s1",CUOPXNHMMIAXEF-AKRYILKSSA-N,"HTN1 protein, human",Classification|Literature|Patents,,BenchChem|BOC Sciences|ChemIDplus|ChemSpider|DiscoveryGate|EPA DSSTox|Google Patents|MuseChem|PubChem Reference Collection|Starshine Chemical|SureChEMBL|THE BioTek|Thomson Pharma|ToxPlanet,Chemical Vendors|Curation Efforts|Governmental Organizations|Journal Publishers|Legacy Depositors|Research and Development|Subscription Services,D000890 - Anti-Infective Agents > D023181 - Antimicrobial Cationic Peptides,0,35,35,0,0,0,0,45,466,150,3,20070703,38,0.0,0.0,7.894736842105263,7.894736842105263,7.894736842105263,7.894736842105263,18.421052631578945,0.0,7.894736842105263,2.631578947368421,0.0,5.263157894736842,2.631578947368421,0.0,10.526315789473683,5.263157894736842,0.0,0.0,0.0,13.157894736842104,8,0.21052631578947367,10.526315789473683,21.052631578947366,5519.629999999999
171350220,GFKTLKNLAKKVAKKVLKAVR,21,2340.9,-4.6,0,953.0,4750,34,33,88,C109H198N32O24,C[C@H]([C@@H](C(=O)N[C@@H](CC(C)C)C(=O)N[C@@H](CCCCN)C(=O)N[C@@H](CC(=O)N)C(=O)N[C@@H](CC(C)C)C(=O)N[C@@H](C)C(=O)N[C@@H](CCCCN)C(=O)N[C@@H](CCCCN)C(=O)N[C@@H](C(C)C)C(=O)N[C@@H](C)C(=O)N[C@@H](CCCCN)C(=O)N[C@@H](CCCCN)C(=O)N[C@@H](C(C)C)C(=O)N[C@@H](CC(C)C)C(=O)N[C@@H](CCCCN)C(=O)N[C@@H](C)C(=O)N[C@@H](C(C)C)C(=O)N[C@@H](CCCNC(=N)N)C(=O)O)NC(=O)[C@H](CCCCN)NC(=O)[C@H](CC1=CC=CC=C1)NC(=O)CN)O,"(2S)-2-[[(2S)-2-[[(2S)-2-[[(2S)-6-amino-2-[[(2S)-2-[[(2S)-2-[[(2S)-6-amino-2-[[(2S)-6-amino-2-[[(2S)-2-[[(2S)-2-[[(2S)-6-amino-2-[[(2S)-6-amino-2-[[(2S)-2-[[(2S)-2-[[(2S)-4-amino-2-[[(2S)-6-amino-2-[[(2S)-2-[[(2S,3R)-2-[[(2S)-6-amino-2-[[(2S)-2-[(2-aminoacetyl)amino]-3-phenylpropanoyl]amino]hexanoyl]amino]-3-hydroxybutanoyl]amino]-4-methylpentanoyl]amino]hexanoyl]amino]-4-oxobutanoyl]amino]-4-methylpentanoyl]amino]propanoyl]amino]hexanoyl]amino]hexanoyl]amino]-3-methylbutanoyl]amino]propanoyl]amino]hexanoyl]amino]hexanoyl]amino]-3-methylbutanoyl]amino]-4-methylpentanoyl]amino]hexanoyl]amino]propanoyl]amino]-3-methylbutanoyl]amino]-5-carbamimidamidopentanoic acid",2340.529053,2339.525635,165,1,Antimicrobial Peptide TA2-1,Antimicrobial Peptide TA2-1|CHEMBL5288355|GLXC-27239|TA2-1|Gly-Phe-Lys-Thr-Leu-Lys-Ans-Leu-Ala-Lys-Lys-Val-Ala-Lys-Lys-Val-Leu-Lys-Ala-Val-Arg,"InChI=1S/C109H198N32O24/c1-59(2)53-78(134-103(159)82(57-83(118)143)135-95(151)73(40-23-30-48-113)131-101(157)80(55-61(5)6)137-107(163)88(68(16)142)141-98(154)76(43-26-33-51-116)132-102(158)81(125-84(144)58-117)56-69-35-18-17-19-36-69)99(155)123-65(13)89(145)126-71(38-21-28-46-111)93(149)128-74(41-24-31-49-114)96(152)139-85(62(7)8)104(160)124-66(14)90(146)127-72(39-22-29-47-112)94(150)129-75(42-25-32-50-115)97(153)140-87(64(11)12)106(162)136-79(54-60(3)4)100(156)130-70(37-20-27-45-110)92(148)122-67(15)91(147)138-86(63(9)10)105(161)133-77(108(164)165)44-34-52-121-109(119)120/h17-19,35-36,59-68,70-82,85-88,142H,20-34,37-58,110-117H2,1-16H3,(H2,118,143)(H,122,148)(H,123,155)(H,124,160)(H,125,144)(H,126,145)(H,127,146)(H,128,149)(H,129,150)(H,130,156)(H,131,157)(H,132,158)(H,133,161)(H,134,159)(H,135,151)(H,136,162)(H,137,163)(H,138,147)(H,139,152)(H,140,153)(H,141,154)(H,164,165)(H4,119,120,121)/t65-,66-,67-,68+,70-,71-,72-,73-,74-,75-,76-,77-,78-,79-,80-,81-,82-,85-,86-,87-,88-/m0/s1",GEGKNHKACAMNOE-RDTKLXTLSA-N,,Biological Test Results|Classification|Literature,1956323|1956324,ChEMBL|Glixx Labs Inc|MolGenie,Chemical Vendors|Curation Efforts|Research and Development,,0,21,21,0,0,0,0,1,0,0,3,20240426,21,14.285714285714285,0.0,0.0,0.0,4.761904761904762,4.761904761904762,0.0,0.0,33.33333333333333,14.285714285714285,0.0,4.761904761904762,0.0,0.0,4.761904761904762,0.0,4.761904761904762,14.285714285714285,0.0,0.0,8,0.38095238095238093,47.61904761904761,4.761904761904762,2701.26
3082686,XGMIGTLTSKRIKQ,14,1542.8,-6.0,0,696.0,3000,23,23,54,C66H119N21O19S,CC[C@H](C)[C@@H](C(=O)NCC(=O)N[C@@H]([C@@H](C)O)C(=O)N[C@@H](CC(C)C)C(=O)N[C@@H]([C@@H](C)O)C(=O)N[C@@H](CO)C(=O)N[C@@H](CCCCN)C(=O)N[C@@H](CCCN=C(N)N)C(=O)N[C@@H]([C@@H](C)CC)C(=O)N[C@@H](CCCCN)C(=O)N[C@@H](CCC(=O)N)C(=O)N)NC(=O)[C@H](CCSC)NC(=O)CNC(=O)[C@@H]1CCC(=O)N1,"(2S)-2-[[(2S)-6-amino-2-[[(2S,3S)-2-[[(2S)-2-[[(2S)-6-amino-2-[[(2S)-3-hydroxy-2-[[(2S,3R)-3-hydroxy-2-[[(2S)-2-[[(2S,3R)-3-hydroxy-2-[[2-[[(2S,3S)-3-methyl-2-[[(2S)-4-methylsulfanyl-2-[[2-[[(2S)-5-oxopyrrolidine-2-carbonyl]amino]acetyl]amino]butanoyl]amino]pentanoyl]amino]acetyl]amino]butanoyl]amino]-4-methylpentanoyl]amino]butanoyl]amino]propanoyl]amino]hexanoyl]amino]-5-(diaminomethylideneamino)pentanoyl]amino]-3-methylpentanoyl]amino]hexanoyl]amino]pentanediamide",1541.871216,1541.871216,107,1,Levitide,"Levitide|114281-19-5|Glu-gly-met-ile-gly-thr-leu-thr-ser-lys-arg-ile-lys-gln-NH(2)|RefChem:153193|(2S)-2-(((2S)-6-amino-2-(((2S,3S)-2-(((2S)-2-(((2S)-6-amino-2-(((2S)-3-hydroxy-2-(((2S,3R)-3-hydroxy-2-(((2S)-2-(((2S,3R)-3-hydroxy-2-((2-(((2S,3S)-3-methyl-2-(((2S)-4-methylsulfanyl-2-((2-(((2S)-5-oxopyrrolidine-2-carbonyl)amino)acetyl)amino)butanoyl)amino)pentanoyl)amino)acetyl)amino)butanoyl)amino)-4-methylpentanoyl)amino)butanoyl)amino)propanoyl)amino)hexanoyl)amino)-5-(diaminomethylideneamino)pentanoyl)amino)-3-methylpentanoyl)amino)hexanoyl)amino)pentanediamide|L-Glutamamide, 5-oxo-L-prolylglycyl-L-methionyl-L-isoleucylglycyl-L-threonyl-L-leucyl-L-threonyl-L-seryl-L-lysyl-L-arginyl-L-isoleucyl-L-lysyl-|Levitide(9ci)|orb1987343|AKOS040744668|DA-54876","InChI=1S/C66H119N21O19S/c1-10-34(5)50(85-59(100)43(24-28-107-9)77-48(93)30-74-55(96)42-21-23-47(92)76-42)62(103)75-31-49(94)84-52(36(7)89)64(105)82-44(29-33(3)4)60(101)87-53(37(8)90)65(106)83-45(32-88)61(102)80-39(17-12-14-25-67)57(98)79-41(19-16-27-73-66(71)72)58(99)86-51(35(6)11-2)63(104)81-40(18-13-15-26-68)56(97)78-38(54(70)95)20-22-46(69)91/h33-45,50-53,88-90H,10-32,67-68H2,1-9H3,(H2,69,91)(H2,70,95)(H,74,96)(H,75,103)(H,76,92)(H,77,93)(H,78,97)(H,79,98)(H,80,102)(H,81,104)(H,82,105)(H,83,106)(H,84,94)(H,85,100)(H,86,99)(H,87,101)(H4,71,72,73)/t34-,35-,36+,37+,38-,39-,40-,41-,42-,43-,44-,45-,50-,51-,52-,53-/m0/s1",LDCPZBREJGHLQM-MUFHBRNXSA-N,levitide,Classification|Literature|Patents|Taxonomy,,"001Chemical|10X CHEM|1st Scientific|A2B Chem|AA BLOCKS|ABI Chem|Acmec Biochemical|AKos Consulting & Solutions|Alfa Chemistry|Angene Chemical|BenchChem|Biorbyt|BOC Sciences|ChemIDplus|Chemieliva Pharmaceutical Co., Ltd|ChemSpider|CymitQuimica|Debye Scientific Co., Ltd|Google Patents|InvivoChem|J&H Chemical Co.,ltd|Key Organics/BIONET|Mcule|MolGenie|Molport|MuseChem|NextBio|NovoSeek|PubChem Reference Collection|RR Scientific|Smolecule|Starshine Chemical|TargetMol|THE BioTek|ToxPlanet|Wikidata",Chemical Vendors|Curation Efforts|Governmental Organizations|Legacy Depositors|Research and Development|Subscription Services,D000890 - Anti-Infective Agents > D023181 - Antimicrobial Cationic Peptides,0,16,16,0,0,0,0,5,77,20,4,20050809,14,0.0,0.0,0.0,0.0,0.0,14.285714285714285,0.0,14.285714285714285,14.285714285714285,7.142857142857142,7.142857142857142,0.0,0.0,7.142857142857142,7.142857142857142,7.142857142857142,14.285714285714285,0.0,0.0,0.0,3,0.21428571428571427,28.57142857142857,0.0,1758.9200000000003
101094341,FXXXXGLXXXQXXXPF,16,1657.0,-0.6,0,543.0,3700,17,20,39,C81H125N17O20,CC[C@@](C)(C(=O)NC(C)(C)C(=O)N1CC(C[C@H]1C(=O)N[C@@H](CCC(=O)N)C(=O)NC(C)(C)C(=O)N2CC(C[C@H]2C(=O)NC(C)(C)C(=O)N3CCC[C@H]3C(=O)NC(CC4=CC=CC=C4)CO)O)O)NC(=O)[C@H](CC(C)C)NC(=O)CNC(=O)C(C)(C)NC(=O)C(C)(C)NC(=O)C(C)(C)NC(=O)C(C)(C)NC(=O)[C@H](CC5=CC=CC=C5)NC(=O)C,(2S)-2-[[(2S)-1-[2-[[(2S)-2-[[(2S)-2-[[2-[[2-[[2-[[2-[[2-[[(2S)-2-acetamido-3-phenylpropanoyl]amino]-2-methylpropanoyl]amino]-2-methylpropanoyl]amino]-2-methylpropanoyl]amino]-2-methylpropanoyl]amino]acetyl]amino]-4-methylpentanoyl]amino]-2-methylbutanoyl]amino]-2-methylpropanoyl]-4-hydroxypyrrolidine-2-carbonyl]amino]-N-[1-[(2S)-4-hydroxy-2-[[1-[(2S)-2-[(1-hydroxy-3-phenylpropan-2-yl)carbamoyl]pyrrolidin-1-yl]-2-methyl-1-oxopropan-2-yl]carbamoyl]pyrrolidin-1-yl]-2-methyl-1-oxopropan-2-yl]pentanediamide,1655.928711,1655.928711,118,1,Ac-Phe-Aib-Aib-Aib-Aib-Gly-Leu-Iva-Aib-xiHyp-Gln-Aib-xiHyp-Aib-Pro-DL-Phe-ol,,"InChI=1S/C81H125N17O20/c1-20-81(19,91-62(107)53(36-45(2)3)86-59(104)41-83-66(111)74(5,6)92-68(113)76(9,10)94-69(114)77(11,12)93-67(112)75(7,8)88-61(106)54(84-46(4)100)38-48-30-25-22-26-31-48)70(115)95-80(17,18)73(118)97-42-50(101)39-56(97)64(109)87-52(33-34-58(82)103)60(105)89-79(15,16)72(117)98-43-51(102)40-57(98)65(110)90-78(13,14)71(116)96-35-27-32-55(96)63(108)85-49(44-99)37-47-28-23-21-24-29-47/h21-26,28-31,45,49-57,99,101-102H,20,27,32-44H2,1-19H3,(H2,82,103)(H,83,111)(H,84,100)(H,85,108)(H,86,104)(H,87,109)(H,88,106)(H,89,105)(H,90,110)(H,91,107)(H,92,113)(H,93,112)(H,94,114)(H,95,115)/t49?,50?,51?,52-,53-,54-,55-,56-,57-,81-/m0/s1",GXDCOMRETADJBG-HYMQWPCUSA-N,,,,Japan Chemical Substance Dictionary (Nikkaji),Governmental Organizations,D000890 - Anti-Infective Agents > D023181 - Antimicrobial Cationic Peptides,0,10,7,3,0,0,0,0,0,0,0,20151217,16,0.0,0.0,0.0,0.0,12.5,6.25,0.0,0.0,0.0,6.25,0.0,0.0,6.25,6.25,0.0,0.0,0.0,0.0,0.0,0.0,0,0.0,18.75,12.5,1897.9
85470805,NVFNNXXGWX,10,1418.7,0.0,0,540.0,2720,18,18,50,C69H107N15O17,CCCCCCCCCCCCCC(=O)N[C@H](CC(=O)N)C(=O)N[C@H](C(C)C)C(=O)N[C@H](CC1=CC=CC=C1)C(=O)N[C@@H](CC(=O)N)C(=O)N[C@H](CC(=O)N)C(=O)N[C@@H](C[C@H](CCN)O)C(=O)N[C@H]([C@@H](C)O)C(=O)NCC(=O)N[C@H](CC2=CNC3=CC=CC=C32)C(=O)N[C@H]([C@@H](C)CC)C(=O)O,"(2R,3S)-2-[[(2R)-2-[[2-[[(2R,3R)-2-[[(2S,4S)-6-amino-2-[[(2R)-4-amino-2-[[(2S)-4-amino-2-[[(2R)-2-[[(2R)-2-[[(2R)-4-amino-4-oxo-2-(tetradecanoylamino)butanoyl]amino]-3-methylbutanoyl]amino]-3-phenylpropanoyl]amino]-4-oxobutanoyl]amino]-4-oxobutanoyl]amino]-4-hydroxyhexanoyl]amino]-3-hydroxybutanoyl]amino]acetyl]amino]-3-(1H-indol-3-yl)propanoyl]amino]-3-methylpentanoic acid",1417.796997,1417.796997,101,1,Cerexin B,"Cerexin B|55467-34-0|RefChem:918254|(2R,3S)-2-(((2R)-2-((2-(((2R,3R)-2-(((2S,4S)-6-amino-2-(((2R)-4-amino-2-(((2S)-4-amino-2-(((2R)-2-(((2R)-2-(((2R)-4-amino-4-oxo-2-(tetradecanoylamino)butanoyl)amino)-3-methylbutanoyl)amino)-3-phenylpropanoyl)amino)-4-oxobutanoyl)amino)-4-oxobutanoyl)amino)-4-hydroxyhexanoyl)amino)-3-hydroxybutanoyl)amino)acetyl)amino)-3-(1H-indol-3-yl)propanoyl)amino)-3-methylpentanoic acid|GP-3|SCHEMBL29397369|CHEBI:225194","InChI=1S/C69H107N15O17/c1-7-9-10-11-12-13-14-15-16-17-21-28-56(90)76-50(34-53(71)87)66(97)82-58(39(3)4)68(99)81-47(31-42-24-19-18-20-25-42)61(92)79-52(36-55(73)89)63(94)80-51(35-54(72)88)62(93)78-49(33-44(86)29-30-70)65(96)84-60(41(6)85)67(98)75-38-57(91)77-48(64(95)83-59(69(100)101)40(5)8-2)32-43-37-74-46-27-23-22-26-45(43)46/h18-20,22-27,37,39-41,44,47-52,58-60,74,85-86H,7-17,21,28-36,38,70H2,1-6H3,(H2,71,87)(H2,72,88)(H2,73,89)(H,75,98)(H,76,90)(H,77,91)(H,78,93)(H,79,92)(H,80,94)(H,81,99)(H,82,97)(H,83,95)(H,84,96)(H,100,101)/t40-,41+,44-,47+,48+,49-,50+,51+,52-,58+,59+,60+/m0/s1",ZDZVUYXFDHKIKT-BGTBYPPESA-N,cerexins,Classification|Literature|Patents|Toxicity|Taxonomy,,BOC Sciences|ChEBI|ChemIDplus|Cheminformatics Friedrich-Schiller-University Jena|Google Patents|MolGenie|PubChem Reference Collection|Starshine Chemical|SureChEMBL|The Natural Products Atlas|ToxPlanet|Wikidata,Chemical Vendors|Curation Efforts|Governmental Organizations|Legacy Depositors|Research and Development|Subscription Services,D000890 - Anti-Infective Agents > D023181 - Antimicrobial Cationic Peptides,0,12,12,0,0,0,0,6,146,76,5,20141103,10,0.0,0.0,0.0,0.0,10.0,10.0,0.0,0.0,0.0,0.0,0.0,30.0,0.0,0.0,0.0,0.0,0.0,10.0,10.0,0.0,0,0.0,30.0,20.0,1288.0
177678528,WRKWRKWRKWRK,12,1899.3,-1.5,0,804.0,3880,33,21,67,C92H139N33O12,C1=CC=C2C(=C1)C(=CN2)C[C@@H](C(=O)N[C@@H](CCCNC(=N)N)C(=O)N[C@@H](CCCCN)C(=O)N[C@@H](CC3=CNC4=CC=CC=C43)C(=O)N[C@@H](CCCNC(=N)N)C(=O)N[C@@H](CCCCN)C(=O)N[C@@H](CC5=CNC6=CC=CC=C65)C(=O)N[C@@H](CCCNC(=N)N)C(=O)N[C@@H](CCCCN)C(=O)N[C@@H](CC7=CNC8=CC=CC=C87)C(=O)N[C@@H](CCCNC(=N)N)C(=O)N[C@@H](CCCCN)C(=O)N)N,(2S)-6-amino-2-[[(2S)-2-[[(2S)-2-[[(2S)-6-amino-2-[[(2S)-2-[[(2S)-2-[[(2S)-6-amino-2-[[(2S)-2-[[(2S)-2-[[(2S)-6-amino-2-[[(2S)-2-[[(2S)-2-amino-3-(1H-indol-3-yl)propanoyl]amino]-5-carbamimidamidopentanoyl]amino]hexanoyl]amino]-3-(1H-indol-3-yl)propanoyl]amino]-5-carbamimidamidopentanoyl]amino]hexanoyl]amino]-3-(1H-indol-3-yl)propanoyl]amino]-5-carbamimidamidopentanoyl]amino]hexanoyl]amino]-3-(1H-indol-3-yl)propanoyl]amino]-5-carbamimidamidopentanoyl]amino]hexanamide,1898.128052,1898.128052,137,1,Antimicrobial Peptide (WRK)4,Antimicrobial Peptide (WRK)4|(WRK)4|GLXC-23949|Trp-Arg-Lys-Trp-Arg-Lys-Trp-Arg-Lys-Trp-Arg-Lys-NH2,"InChI=1S/C92H139N33O12/c93-37-13-9-29-66(77(98)126)115-79(128)71(34-18-42-108-90(101)102)120-86(135)74(46-54-50-112-63-26-6-2-22-58(54)63)123-84(133)68(31-11-15-39-95)118-81(130)73(36-20-44-110-92(105)106)122-88(137)76(48-56-52-114-65-28-8-4-24-60(56)65)125-85(134)69(32-12-16-40-96)119-82(131)72(35-19-43-109-91(103)104)121-87(136)75(47-55-51-113-64-27-7-3-23-59(55)64)124-83(132)67(30-10-14-38-94)117-80(129)70(33-17-41-107-89(99)100)116-78(127)61(97)45-53-49-111-62-25-5-1-21-57(53)62/h1-8,21-28,49-52,61,66-76,111-114H,9-20,29-48,93-97H2,(H2,98,126)(H,115,128)(H,116,127)(H,117,129)(H,118,130)(H,119,131)(H,120,135)(H,121,136)(H,122,137)(H,123,133)(H,124,132)(H,125,134)(H4,99,100,107)(H4,101,102,108)(H4,103,104,109)(H4,105,106,110)/t61-,66-,67-,68-,69-,70-,71-,72-,73-,74-,75-,76-/m0/s1",FZNHAQVJFVYBNX-XRMNIVIASA-N,,,,Glixx Labs Inc,Chemical Vendors,,0,12,12,0,0,0,0,0,0,0,0,20251119,12,0.0,0.0,0.0,0.0,0.0,0.0,0.0,0.0,33.33333333333333,0.0,0.0,0.0,0.0,0.0,33.33333333333333,0.0,0.0,0.0,33.33333333333333,0.0,8,0.6666666666666666,33.33333333333333,33.33333333333333,2098.48
16130829,RGGRLCYCRGWICVCVGR,18,2052.5,-3.6,0,949.0,4270,33,28,47,C86H138N32O19S4,CC[C@H](C)[C@H]1C(=O)N[C@H]2CSSC[C@@H](C(=O)N[C@H](C(=O)NCC(=O)N[C@H](C(=O)N1)CC3=CNC4=CC=CC=C43)CCCNC(=N)N)NC(=O)[C@@H](NC(=O)[C@H](CSSC[C@H](NC(=O)[C@@H](NC2=O)C(C)C)C(=O)N[C@@H](C(C)C)C(=O)NCC(=O)N[C@@H](CCCNC(=N)N)C(=O)N)NC(=O)[C@H](CC(C)C)NC(=O)[C@H](CCCNC(=N)N)NC(=O)CNC(=O)CNC(=O)[C@H](CCCNC(=N)N)N)CC5=CC=C(C=C5)O,"(1R,4S,7R,12R,15S,18R,21S,24S,30S)-N-[(2S)-1-[[2-[[(2S)-1-amino-5-carbamimidamido-1-oxopentan-2-yl]amino]-2-oxoethyl]amino]-3-methyl-1-oxobutan-2-yl]-7-[[(2S)-2-[[(2S)-2-[[2-[[2-[[(2S)-2-amino-5-carbamimidamidopentanoyl]amino]acetyl]amino]acetyl]amino]-5-carbamimidamidopentanoyl]amino]-4-methylpentanoyl]amino]-21-[(2S)-butan-2-yl]-30-(3-carbamimidamidopropyl)-4-[(4-hydroxyphenyl)methyl]-24-(1H-indol-3-ylmethyl)-3,6,14,17,20,23,26,29,32-nonaoxo-15-propan-2-yl-9,10,34,35-tetrathia-2,5,13,16,19,22,25,28,31-nonazabicyclo[16.14.4]hexatriacontane-12-carboxamide",2050.969971,2050.969971,141,1,Protegrin-4,Protegrin-4|PG-4 Protegrin|Protegrin PG-4|157214-61-4|DTXSID40166230|RefChem:176643|DTXCID8088721|SCHEMBL29385468|Protegrin-4 (RGGRLCYCRGWICVCVGR-NH2),"InChI=1S/C86H138N32O19S4/c1-9-45(8)68-82(137)115-61-41-141-138-38-58(76(131)109-53(20-14-28-99-85(93)94)71(126)104-36-65(123)108-57(75(130)118-68)32-47-33-101-51-18-11-10-16-49(47)51)113-74(129)56(31-46-22-24-48(119)25-23-46)111-77(132)59(112-73(128)55(30-42(2)3)110-72(127)54(21-15-29-100-86(95)96)107-63(121)35-102-62(120)34-103-70(125)50(87)17-12-26-97-83(89)90)39-139-140-40-60(114-81(136)67(44(6)7)117-79(61)134)78(133)116-66(43(4)5)80(135)105-37-64(122)106-52(69(88)124)19-13-27-98-84(91)92/h10-11,16,18,22-25,33,42-45,50,52-61,66-68,101,119H,9,12-15,17,19-21,26-32,34-41,87H2,1-8H3,(H2,88,124)(H,102,120)(H,103,125)(H,104,126)(H,105,135)(H,106,122)(H,107,121)(H,108,123)(H,109,131)(H,110,127)(H,111,132)(H,112,128)(H,113,129)(H,114,136)(H,115,137)(H,116,133)(H,117,134)(H,118,130)(H4,89,90,97)(H4,91,92,98)(H4,93,94,99)(H4,95,96,100)/t45-,50-,52-,53-,54-,55-,56-,57-,58-,59-,60-,61-,66-,67-,68-/m0/s1",DUDXZJRHGONAAZ-ZFOLPASKSA-N,protegrin-4,Biological Test Results|Chemical and Physical Properties|Classification|Literature|Patents,1963987|2061329,"BenchChem|BOC Sciences|ChemIDplus|ChemSpider|CreativePeptides|EPA DSSTox|Google Patents|J&H Chemical Co.,ltd|MuseChem|NIAID ChemDB|PubChem Reference Collection|RR Scientific|SureChEMBL|THE BioTek|ToxPlanet|Wikidata",Chemical Vendors|Curation Efforts|Governmental Organizations|Legacy Depositors|Research and Development|Subscription Services,D000890 - Anti-Infective Agents > D023181 - Antimicrobial Cationic Peptides,0,15,15,0,0,0,0,6,128,39,5,20070703,18,0.0,22.22222222222222,0.0,0.0,0.0,22.22222222222222,0.0,5.555555555555555,0.0,5.555555555555555,0.0,0.0,0.0,0.0,22.22222222222222,0.0,0.0,11.11111111111111,5.555555555555555,5.555555555555555,4,0.2222222222222222,27.77777777777778,11.11111111111111,2363.78
16129721,KWCFRVCYRGICYRRCR,17,2263.8,-2.7,0,1030.0,4720,37,30,47,C99H151N35O19S4,CC[C@H](C)[C@H]1C(=O)N[C@H]2CSSC[C@@H](C(=O)N[C@H](C(=O)N[C@H](C(=O)NCC(=O)N1)CCCNC(=N)N)CC3=CC=C(C=C3)O)NC(=O)[C@@H](NC(=O)[C@@H](NC(=O)[C@@H](NC(=O)[C@H](CSSC[C@H](NC(=O)[C@@H](NC(=O)[C@@H](NC(=O)[C@@H](NC2=O)CC4=CC=C(C=C4)O)CCCNC(=N)N)CCCNC(=N)N)C(=O)N[C@@H](CCCNC(=N)N)C(=O)N)NC(=O)[C@H](CC5=CNC6=CC=CC=C65)NC(=O)[C@H](CCCCN)N)CC7=CC=CC=C7)CCCNC(=N)N)C(C)C,"(1R,4S,7S,10S,13R,18R,21S,24S,27S,30R,33S,39S,42S)-N-[(2S)-1-amino-5-carbamimidamido-1-oxopentan-2-yl]-10-benzyl-33-[(2S)-butan-2-yl]-7,21,24,39-tetrakis(3-carbamimidamidopropyl)-13-[[(2S)-2-[[(2S)-2,6-diaminohexanoyl]amino]-3-(1H-indol-3-yl)propanoyl]amino]-27,42-bis[(4-hydroxyphenyl)methyl]-3,6,9,12,20,23,26,29,32,35,38,41,44-tridecaoxo-4-propan-2-yl-15,16,46,47-tetrathia-2,5,8,11,19,22,25,28,31,34,37,40,43-tridecazabicyclo[28.14.4]octatetracontane-18-carboxamide",2263.084229,2262.080811,157,1,"tachyplesin peptide, Tachypleus tridentatus","Tachyplesin I|Tachyplesin|118231-04-2|tachyplesin peptide, Tachypleus tridentatus|RefChem:187112|(1R,4S,7S,10S,13R,18R,21S,24S,27S,30R,33S,39S,42S)-10-benzyl-33-((2S)-butan-2-yl)-N-((2S)-5-carbamimidamido-1-hydroxy-1-iminopentan-2-yl)-7,21,24,39-tetrakis(3-carbamimidamidopropyl)-13-(((2S)-2-(((2S)-2,6-diamino-1-hydroxyhexylidene)amino)-1-hydroxy-3-(1H-indol-3-yl)propylidene)amino)-3,6,9,12,20,23,26,29,32,35,38,41,44-tridecahydroxy-27,42-bis((4-hydroxyphenyl)methyl)-4-propan-2-yl-15,16,46,47-tetrathia-2,5,8,11,19,22,25,28,31,34,37,40,43-tridecazabicyclo(28.14.4)octatetraconta-2,5,8,11,19,22,25,28,31,34,37,40,43-tridecaene-18-carboximidic acid|(1R,4S,7S,10S,13R,18R,21S,24S,27S,30R,33S,39S,42S)-N-((2S)-1-amino-5-carbamimidamido-1-oxopentan-2-yl)-10-benzyl-33-((2S)-butan-2-yl)-7,21,24,39-tetrakis(3-carbamimidamidopropyl)-13-(((2S)-2-(((2S)-2,6-diaminohexanoyl)amino)-3-(1H-indol-3-yl)propanoyl)amino)-27,42-bis((4-hydroxyphenyl)methyl)-3,6,9,12,20,23,26,29,32,35,38,41,44-tridecaoxo-4-propan-2-yl-15,16,46,47-tetrathia-2,5,8,11,19,22,25,28,31,34,37,40,43-tridecazabicyclo(28.14.4)octatetracontane-18-carboxamide|KWCFRVCYRGICYRRCR-NH2|RGD-tachyplesin|orb2277440|CHEMBL4544197|SCHEMBL29353475|Tachyplesin I trifluoroacetate salt|HY-P1632|Tachyplesin I (Tachypleus tridentatus)|DA-58240|FT108379|CS-0065054|Tachyplesin I (reduced), cyclic (3.16),(7.12)-bis(disulfide)|NH2-Lys-Trp-Cys(x2)-Phe-Arg-Val-Cys(x1)-Tyr-Arg-Gly-Ile-Cys(x1)-Tyr-Arg-Arg-Cys(x2)-Arg-NH2","InChI=1S/C99H151N35O19S4/c1-5-53(4)78-94(153)132-75-51-157-156-50-74(91(150)127-69(43-55-28-32-58(135)33-29-55)85(144)121-64(24-14-38-114-96(105)106)81(140)119-47-76(137)133-78)131-93(152)77(52(2)3)134-84(143)67(27-17-41-117-99(111)112)124-86(145)68(42-54-18-7-6-8-19-54)126-90(149)73(130-88(147)71(125-80(139)61(101)21-11-12-36-100)45-57-46-118-62-22-10-9-20-60(57)62)49-155-154-48-72(89(148)120-63(79(102)138)23-13-37-113-95(103)104)129-83(142)66(26-16-40-116-98(109)110)122-82(141)65(25-15-39-115-97(107)108)123-87(146)70(128-92(75)151)44-56-30-34-59(136)35-31-56/h6-10,18-20,22,28-35,46,52-53,61,63-75,77-78,118,135-136H,5,11-17,21,23-27,36-45,47-51,100-101H2,1-4H3,(H2,102,138)(H,119,140)(H,120,148)(H,121,144)(H,122,141)(H,123,146)(H,124,145)(H,125,139)(H,126,149)(H,127,150)(H,128,151)(H,129,142)(H,130,147)(H,131,152)(H,132,153)(H,133,137)(H,134,143)(H4,103,104,113)(H4,105,106,114)(H4,107,108,115)(H4,109,110,116)(H4,111,112,117)/t53-,61-,63-,64-,65-,66-,67-,68-,69-,70-,71-,72-,73-,74-,75-,77-,78-/m0/s1",ZJQFYZCNRTZAIM-PMXBASNASA-N,"tachyplesin peptide, Tachypleus tridentatus",Biological Test Results|Chemical and Physical Properties|Classification|Literature|Patents|Pharmacology and Biochemistry|Taxonomy,1583627|1583628|1583629|1583630|1583631|1583632|1583633|1583634|1583636|1583637|1583638|1583639|1583640|1583641|1583642|1583643|1583644|1583645|1583646|1583647|1583648|1583649|1583650|1583651|1583652|1583653|1583654|1583655|1583656|1583659|1583660|1583662|1963987|1963988,"AbaChemScene|AbMole Bioscience|Alfa Chemistry|Amadis Chemical|BenchChem|Biorbyt|Biosynth|BOC Sciences|ChEMBL|ChemIDplus|Chemieliva Pharmaceutical Co., Ltd|ChemSpider|CymitQuimica|Debye Scientific Co., Ltd|DiscoveryGate|EvitaChem|Google Patents|InvivoChem|J&H Chemical Co.,ltd|LeadScope|MedChemexpress MCE|MolGenie|MuseChem|NIAID ChemDB|NovoSeek|Pi Chemicals|PubChem Reference Collection|RR Scientific|Shanghai Hanhong Scientific|Smolecule|SureChEMBL|THE BioTek|Thomson Pharma|ToxPlanet",Chemical Vendors|Curation Efforts|Governmental Organizations|Journal Publishers|Legacy Depositors|Research and Development|Subscription Services,D000890 - Anti-Infective Agents > D023181 - Antimicrobial Cationic Peptides,0,17,17,0,0,0,0,144,13319,8298,7,20070703,17,0.0,23.52941176470588,0.0,0.0,5.88235294117647,5.88235294117647,0.0,5.88235294117647,5.88235294117647,0.0,0.0,0.0,0.0,0.0,29.411764705882355,0.0,0.0,5.88235294117647,5.88235294117647,11.76470588235294,6,0.35294117647058826,23.52941176470588,23.52941176470588,2557.0199999999995
16739289,KWCFRVCYRGICYRKCR,17,2239.8,-1.8,0,895.0,4530,39,30,76,C99H155N33O19S4,CC[C@H](C)[C@@H](C(=O)N[C@@H](CS)C(=O)N[C@@H](CC1=CC=C(C=C1)O)C(=O)N[C@@H](CCCNC(=N)N)C(=O)N[C@@H](CCCCN)C(=O)N[C@@H](CS)C(=O)N[C@@H](CCCNC(=N)N)C(=O)N)NC(=O)CNC(=O)[C@H](CCCNC(=N)N)NC(=O)[C@H](CC2=CC=C(C=C2)O)NC(=O)[C@H](CS)NC(=O)[C@H](C(C)C)NC(=O)[C@H](CCCNC(=N)N)NC(=O)[C@H](CC3=CC=CC=C3)NC(=O)[C@H](CS)NC(=O)[C@H](CC4=CNC5=CC=CC=C54)NC(=O)[C@H](CCCCN)N,"(2S)-2,6-diamino-N-[(2S)-1-[[(2R)-1-[[(2S)-1-[[(2S)-1-[[(2S)-1-[[(2R)-1-[[(2S)-1-[[(2S)-1-[[2-[[(2S,3S)-1-[[(2R)-1-[[(2S)-1-[[(2S)-1-[[(2S)-6-amino-1-[[(2R)-1-[[(2S)-1-amino-5-carbamimidamido-1-oxopentan-2-yl]amino]-1-oxo-3-sulfanylpropan-2-yl]amino]-1-oxohexan-2-yl]amino]-5-carbamimidamido-1-oxopentan-2-yl]amino]-3-(4-hydroxyphenyl)-1-oxopropan-2-yl]amino]-1-oxo-3-sulfanylpropan-2-yl]amino]-3-methyl-1-oxopentan-2-yl]amino]-2-oxoethyl]amino]-5-carbamimidamido-1-oxopentan-2-yl]amino]-3-(4-hydroxyphenyl)-1-oxopropan-2-yl]amino]-1-oxo-3-sulfanylpropan-2-yl]amino]-3-methyl-1-oxobutan-2-yl]amino]-5-carbamimidamido-1-oxopentan-2-yl]amino]-1-oxo-3-phenylpropan-2-yl]amino]-1-oxo-3-sulfanylpropan-2-yl]amino]-3-(1H-indol-3-yl)-1-oxopropan-2-yl]hexanamide",2239.109375,2238.105957,155,1,Tachyplesin III,Tachyplesin III|RefChem:187111|129557-13-7|CHEMBL415278|SCHEMBL29458037,"InChI=1S/C99H155N33O19S4/c1-5-54(4)79(95(151)130-76(52-155)93(149)126-71(45-57-31-35-60(134)36-32-57)88(144)121-67(27-17-41-114-98(108)109)83(139)120-66(24-12-14-38-101)84(140)127-73(49-152)90(146)118-64(80(103)136)25-15-39-112-96(104)105)131-77(135)48-117-82(138)65(26-16-40-113-97(106)107)119-86(142)70(44-56-29-33-59(133)34-30-56)125-92(148)75(51-154)129-94(150)78(53(2)3)132-85(141)68(28-18-42-115-99(110)111)122-87(143)69(43-55-19-7-6-8-20-55)124-91(147)74(50-153)128-89(145)72(123-81(137)62(102)22-11-13-37-100)46-58-47-116-63-23-10-9-21-61(58)63/h6-10,19-21,23,29-36,47,53-54,62,64-76,78-79,116,133-134,152-155H,5,11-18,22,24-28,37-46,48-52,100-102H2,1-4H3,(H2,103,136)(H,117,138)(H,118,146)(H,119,142)(H,120,139)(H,121,144)(H,122,143)(H,123,137)(H,124,147)(H,125,148)(H,126,149)(H,127,140)(H,128,145)(H,129,150)(H,130,151)(H,131,135)(H,132,141)(H4,104,105,112)(H4,106,107,113)(H4,108,109,114)(H4,110,111,115)/t54-,62-,64-,65-,66-,67-,68-,69-,70-,71-,72-,73-,74-,75-,76-,78-,79-/m0/s1",HMHANTFVNOFNNZ-CPFWMRGPSA-N,"tachyplesin peptide, Tachypleus tridentatus",Biological Test Results|Classification|Literature|Patents|Pharmacology and Biochemistry|Biological Test Results: Active,323378|323379|323380|323381|323382|323383|323385|323387|323389|323391|323392|323393|323394|323395|323396|553815|553817|553818|553821|553822|553823|553825|553827|553829,ChEMBL|ChemSpider|Google Patents|MolGenie|PubChem Reference Collection|SureChEMBL|Thomson Pharma,Curation Efforts|Governmental Organizations|Journal Publishers|Legacy Depositors|Research and Development|Subscription Services,D000890 - Anti-Infective Agents > D023181 - Antimicrobial Cationic Peptides,0,17,17,0,0,0,0,140,62,20,6,20071001,17,0.0,23.52941176470588,0.0,0.0,5.88235294117647,5.88235294117647,0.0,5.88235294117647,11.76470588235294,0.0,0.0,0.0,0.0,0.0,23.52941176470588,0.0,0.0,5.88235294117647,5.88235294117647,11.76470588235294,6,0.35294117647058826,23.52941176470588,23.52941176470588,2529.0099999999998
16130705,RIIDLLWRVRRPQKPKFVTVWVR,23,2961.6,-1.7,0,1190.0,6720,44,35,100,C140H230N44O27,CC[C@H](C)[C@@H](C(=O)N[C@@H]([C@@H](C)CC)C(=O)N[C@@H](CC(=O)O)C(=O)N[C@@H](CC(C)C)C(=O)N[C@@H](CC(C)C)C(=O)N[C@@H](CC1=CNC2=CC=CC=C21)C(=O)N[C@@H](CCCNC(=N)N)C(=O)N[C@@H](C(C)C)C(=O)N[C@@H](CCCNC(=N)N)C(=O)N[C@@H](CCCNC(=N)N)C(=O)N3CCC[C@H]3C(=O)N[C@@H](CCC(=O)N)C(=O)N[C@@H](CCCCN)C(=O)N4CCC[C@H]4C(=O)N[C@@H](CCCCN)C(=O)N[C@@H](CC5=CC=CC=C5)C(=O)N[C@@H](C(C)C)C(=O)N[C@@H]([C@@H](C)O)C(=O)N[C@@H](C(C)C)C(=O)N[C@@H](CC6=CNC7=CC=CC=C76)C(=O)N[C@@H](C(C)C)C(=O)N[C@@H](CCCNC(=N)N)C(=O)N)NC(=O)[C@H](CCCNC(=N)N)N,"(3S)-4-[[(2S)-1-[[(2S)-1-[[(2S)-1-[[(2S)-1-[[(2S)-1-[[(2S)-1-[[(2S)-1-[(2S)-2-[[(2S)-5-amino-1-[[(2S)-6-amino-1-[(2S)-2-[[(2S)-6-amino-1-[[(2S)-1-[[(2S)-1-[[(2S,3R)-1-[[(2S)-1-[[(2S)-1-[[(2S)-1-[[(2S)-1-amino-5-carbamimidamido-1-oxopentan-2-yl]amino]-3-methyl-1-oxobutan-2-yl]amino]-3-(1H-indol-3-yl)-1-oxopropan-2-yl]amino]-3-methyl-1-oxobutan-2-yl]amino]-3-hydroxy-1-oxobutan-2-yl]amino]-3-methyl-1-oxobutan-2-yl]amino]-1-oxo-3-phenylpropan-2-yl]amino]-1-oxohexan-2-yl]carbamoyl]pyrrolidin-1-yl]-1-oxohexan-2-yl]amino]-1,5-dioxopentan-2-yl]carbamoyl]pyrrolidin-1-yl]-5-carbamimidamido-1-oxopentan-2-yl]amino]-5-carbamimidamido-1-oxopentan-2-yl]amino]-3-methyl-1-oxobutan-2-yl]amino]-5-carbamimidamido-1-oxopentan-2-yl]amino]-3-(1H-indol-3-yl)-1-oxopropan-2-yl]amino]-4-methyl-1-oxopentan-2-yl]amino]-4-methyl-1-oxopentan-2-yl]amino]-3-[[(2S,3S)-2-[[(2S,3S)-2-[[(2S)-2-amino-5-carbamimidamidopentanoyl]amino]-3-methylpentanoyl]amino]-3-methylpentanoyl]amino]-4-oxobutanoic acid",2960.801025,2959.797607,211,1,Riidllwrvrrpqkpkfvtvwvr-NH2,350019-43-1|PMAP-23|orb2277222|SCHEMBL29444962|RIIDLLWRVRRPQKPKFVTVWVR-NH2,"InChI=1S/C140H230N44O27/c1-18-78(15)110(181-132(208)111(79(16)19-2)180-114(190)86(143)42-31-57-156-136(146)147)131(207)175-101(69-105(187)188)122(198)171-96(64-72(3)4)119(195)170-97(65-73(5)6)120(196)173-99(67-82-70-161-87-43-25-23-40-84(82)87)121(197)164-92(49-34-60-159-139(152)153)118(194)176-107(75(9)10)128(204)167-91(48-33-59-158-138(150)151)115(191)169-95(50-35-61-160-140(154)155)135(211)184-63-37-52-103(184)126(202)166-93(53-54-104(144)186)117(193)168-94(46-28-30-56-142)134(210)183-62-36-51-102(183)125(201)165-90(45-27-29-55-141)116(192)172-98(66-81-38-21-20-22-39-81)123(199)178-109(77(13)14)130(206)182-112(80(17)185)133(209)179-108(76(11)12)129(205)174-100(68-83-71-162-88-44-26-24-41-85(83)88)124(200)177-106(74(7)8)127(203)163-89(113(145)189)47-32-58-157-137(148)149/h20-26,38-41,43-44,70-80,86,89-103,106-112,161-162,185H,18-19,27-37,42,45-69,141-143H2,1-17H3,(H2,144,186)(H2,145,189)(H,163,203)(H,164,197)(H,165,201)(H,166,202)(H,167,204)(H,168,193)(H,169,191)(H,170,195)(H,171,198)(H,172,192)(H,173,196)(H,174,205)(H,175,207)(H,176,194)(H,177,200)(H,178,199)(H,179,209)(H,180,190)(H,181,208)(H,182,206)(H,187,188)(H4,146,147,156)(H4,148,149,157)(H4,150,151,158)(H4,152,153,159)(H4,154,155,160)/t78-,79-,80+,86-,89-,90-,91-,92-,93-,94-,95-,96-,97-,98-,99-,100-,101-,102-,103-,106-,107-,108-,109-,110-,111-,112-/m0/s1",ZPWVBRGFVGXRKZ-DMZHRTQBSA-N,,Biological Test Results|Chemical and Physical Properties|Literature|Patents,2061329,Biorbyt|ChemSpider|Google Patents|Molport|NIAID ChemDB|SureChEMBL|TargetMol,Chemical Vendors|Curation Efforts|Governmental Organizations|Legacy Depositors|Research and Development,D000890 - Anti-Infective Agents > D023181 - Antimicrobial Cationic Peptides,0,26,26,0,0,0,0,22,152,57,4,20070703,23,0.0,0.0,4.3478260869565215,0.0,4.3478260869565215,0.0,0.0,8.695652173913043,8.695652173913043,8.695652173913043,0.0,0.0,8.695652173913043,4.3478260869565215,21.73913043478261,0.0,4.3478260869565215,17.391304347826086,8.695652173913043,0.0,6,0.2608695652173913,47.82608695652174,13.043478260869565,3358.9400000000005
85156924,VXXXVGLXXXQXXXF,15,1525.8,-0.5,0,523.0,3310,17,19,38,C73H120N16O19,CCC(C)(C(=O)N1CC(CC1C(=O)NC(C)(C)C(=O)NC(CC2=CC=CC=C2)CO)O)NC(=O)C(CCC(=O)N)NC(=O)C3CC(CN3C(=O)C(C)(C)NC(=O)C(C)(C)NC(=O)C(CC(C)C)NC(=O)CNC(=O)C(C(C)C)NC(=O)C(C)(C)NC(=O)C(C)(C)NC(=O)C(C)(C)NC(=O)C(C(C)C)NC(=O)C)O,2-[[1-[2-[[2-[[2-[[2-[[2-[[2-[[2-[[2-[(2-acetamido-3-methylbutanoyl)amino]-2-methylpropanoyl]amino]-2-methylpropanoyl]amino]-2-methylpropanoyl]amino]-3-methylbutanoyl]amino]acetyl]amino]-4-methylpentanoyl]amino]-2-methylpropanoyl]amino]-2-methylpropanoyl]-4-hydroxypyrrolidine-2-carbonyl]amino]-N-[1-[4-hydroxy-2-[[1-[(1-hydroxy-3-phenylpropan-2-yl)amino]-2-methyl-1-oxopropan-2-yl]carbamoyl]pyrrolidin-1-yl]-2-methyl-1-oxobutan-2-yl]pentanediamide,1524.891602,1524.891602,108,1,Bergofungin,Bergofungin|RefChem:119058|2-((1-(2-((2-((2-((2-((2-((2-((2-((2-((2-acetamido-3-methylbutanoyl)amino)-2-methylpropanoyl)amino)-2-methylpropanoyl)amino)-2-methylpropanoyl)amino)-3-methylbutanoyl)amino)acetyl)amino)-4-methylpentanoyl)amino)-2-methylpropanoyl)amino)-2-methylpropanoyl)-4-hydroxypyrrolidine-2-carbonyl)amino)-N-(1-(4-hydroxy-2-((1-((1-hydroxy-3-phenylpropan-2-yl)amino)-2-methyl-1-oxopropan-2-yl)carbamoyl)pyrrolidin-1-yl)-2-methyl-1-oxobutan-2-yl)pentanediamide|SCHEMBL31094336|CHEBI:205045,"InChI=1S/C73H120N16O19/c1-22-73(21,66(108)89-36-45(93)33-49(89)57(99)82-67(9,10)60(102)77-43(37-90)31-42-26-24-23-25-27-42)84-54(96)46(28-29-50(74)94)79-56(98)48-32-44(92)35-88(48)65(107)72(19,20)87-63(105)69(13,14)81-55(97)47(30-38(2)3)78-51(95)34-75-58(100)52(39(4)5)80-61(103)68(11,12)85-64(106)71(17,18)86-62(104)70(15,16)83-59(101)53(40(6)7)76-41(8)91/h23-27,38-40,43-49,52-53,90,92-93H,22,28-37H2,1-21H3,(H2,74,94)(H,75,100)(H,76,91)(H,77,102)(H,78,95)(H,79,98)(H,80,103)(H,81,97)(H,82,99)(H,83,101)(H,84,96)(H,85,106)(H,86,104)(H,87,105)",YOMNVVBADFJOPW-UHFFFAOYSA-N,bergofungin,Classification|Literature|Patents|Spectral Information|Taxonomy,,BOC Sciences|ChEBI|Cheminformatics Friedrich-Schiller-University Jena|MolGenie|PubChem Reference Collection|SureChEMBL|The Natural Products Atlas|Wikidata,Chemical Vendors|Curation Efforts|Governmental Organizations|Research and Development,D000890 - Anti-Infective Agents > D023181 - Antimicrobial Cationic Peptides,0,10,0,10,0,0,0,5,1,1,5,20141023,15,0.0,0.0,0.0,0.0,6.666666666666667,6.666666666666667,0.0,0.0,0.0,6.666666666666667,0.0,0.0,0.0,6.666666666666667,0.0,0.0,0.0,13.333333333333334,0.0,0.0,0,0.0,26.666666666666668,6.666666666666667,1741.88
 
